date,industry,employed_000s,yoy_change_000s,yoy_growth_pct
2015-02-01,Accommodation and Food Services,842.5,,
2015-05-01,Accommodation and Food Services,827.4,,
2015-08-01,Accommodation and Food Services,805.5,,
2015-11-01,Accommodation and Food Services,828.4,,
2016-02-01,Accommodation and Food Services,836.0,-6.5,-0.77
2016-05-01,Accommodation and Food Services,843.2,15.8,1.91
2016-08-01,Accommodation and Food Services,853.2,47.7,5.92
2016-11-01,Accommodation and Food Services,846.0,17.6,2.12
2017-02-01,Accommodation and Food Services,851.6,15.6,1.87
2017-05-01,Accommodation and Food Services,869.3,26.1,3.1
2017-08-01,Accommodation and Food Services,884.7,31.5,3.6900000000000004
2017-11-01,Accommodation and Food Services,871.9,25.9,3.06
2018-02-01,Accommodation and Food Services,863.3,11.7,1.37
2018-05-01,Accommodation and Food Services,890.9,21.6,2.48
2018-08-01,Accommodation and Food Services,868.5,-16.2,-1.83
2018-11-01,Accommodation and Food Services,885.3,13.4,1.54
2019-02-01,Accommodation and Food Services,889.8,26.5,3.0700000000000003
2019-05-01,Accommodation and Food Services,901.8,10.9,1.22
2019-08-01,Accommodation and Food Services,909.3,40.8,4.7
2019-11-01,Accommodation and Food Services,914.4,29.1,3.29
2020-02-01,Accommodation and Food Services,916.9,27.1,3.05
2020-05-01,Accommodation and Food Services,644.8,-257.0,-28.499999999999996
2020-08-01,Accommodation and Food Services,782.2,-127.1,-13.98
2020-11-01,Accommodation and Food Services,819.8,-94.6,-10.35
2021-02-01,Accommodation and Food Services,836.6,-80.3,-8.76
2021-05-01,Accommodation and Food Services,879.5,234.7,36.4
2021-08-01,Accommodation and Food Services,812.1,29.9,3.82
2021-11-01,Accommodation and Food Services,847.0,27.2,3.32
2022-02-01,Accommodation and Food Services,889.3,52.7,6.3
2022-05-01,Accommodation and Food Services,903.3,23.8,2.71
2022-08-01,Accommodation and Food Services,926.9,114.8,14.14
2022-11-01,Accommodation and Food Services,952.5,105.5,12.46
2023-02-01,Accommodation and Food Services,941.1,51.8,5.82
2023-05-01,Accommodation and Food Services,944.1,40.8,4.52
2023-08-01,Accommodation and Food Services,918.4,-8.5,-0.9199999999999999
2023-11-01,Accommodation and Food Services,890.3,-62.2,-6.529999999999999
2024-02-01,Accommodation and Food Services,909.7,-31.4,-3.34
2024-05-01,Accommodation and Food Services,940.4,-3.7,-0.38999999999999996
2024-08-01,Accommodation and Food Services,968.6,50.2,5.47
2024-11-01,Accommodation and Food Services,966.8,76.5,8.59
2025-02-01,Accommodation and Food Services,961.9,52.2,5.74
2025-05-01,Accommodation and Food Services,939.6,-0.8,-0.09
2025-08-01,Accommodation and Food Services,957.1,-11.5,-1.1900000000000002
2025-11-01,Accommodation and Food Services,983.0,16.2,1.68
2026-02-01,Accommodation and Food Services,962.2,0.3,0.03
2015-02-01,Administrative and Support Services,393.0,,
2015-05-01,Administrative and Support Services,409.3,,
2015-08-01,Administrative and Support Services,411.5,,
2015-11-01,Administrative and Support Services,418.5,,
2016-02-01,Administrative and Support Services,434.8,41.8,10.639999999999999
2016-05-01,Administrative and Support Services,411.5,2.2,0.54
2016-08-01,Administrative and Support Services,444.0,32.5,7.9
2016-11-01,Administrative and Support Services,438.4,19.9,4.760000000000001
2017-02-01,Administrative and Support Services,422.7,-12.1,-2.78
2017-05-01,Administrative and Support Services,389.6,-21.9,-5.319999999999999
2017-08-01,Administrative and Support Services,401.8,-42.2,-9.5
2017-11-01,Administrative and Support Services,412.2,-26.2,-5.9799999999999995
2018-02-01,Administrative and Support Services,414.7,-8.0,-1.8900000000000001
2018-05-01,Administrative and Support Services,415.6,26.0,6.67
2018-08-01,Administrative and Support Services,395.3,-6.5,-1.6199999999999999
2018-11-01,Administrative and Support Services,414.6,2.4,0.58
2019-02-01,Administrative and Support Services,425.1,10.4,2.5100000000000002
2019-05-01,Administrative and Support Services,458.8,43.2,10.39
2019-08-01,Administrative and Support Services,467.2,71.9,18.19
2019-11-01,Administrative and Support Services,439.7,25.1,6.05
2020-02-01,Administrative and Support Services,438.6,13.5,3.18
2020-05-01,Administrative and Support Services,384.9,-73.9,-16.11
2020-08-01,Administrative and Support Services,394.7,-72.5,-15.52
2020-11-01,Administrative and Support Services,448.3,8.6,1.96
2021-02-01,Administrative and Support Services,386.1,-52.5,-11.97
2021-05-01,Administrative and Support Services,412.2,27.3,7.090000000000001
2021-08-01,Administrative and Support Services,403.1,8.4,2.13
2021-11-01,Administrative and Support Services,441.9,-6.4,-1.43
2022-02-01,Administrative and Support Services,414.3,28.2,7.3
2022-05-01,Administrative and Support Services,426.2,14.0,3.4000000000000004
2022-08-01,Administrative and Support Services,437.7,34.6,8.58
2022-11-01,Administrative and Support Services,460.2,18.3,4.14
2023-02-01,Administrative and Support Services,420.4,6.1,1.47
2023-05-01,Administrative and Support Services,403.1,-23.1,-5.42
2023-08-01,Administrative and Support Services,413.0,-24.7,-5.64
2023-11-01,Administrative and Support Services,423.1,-37.1,-8.06
2024-02-01,Administrative and Support Services,421.8,1.4,0.33
2024-05-01,Administrative and Support Services,454.6,51.5,12.78
2024-08-01,Administrative and Support Services,433.9,20.9,5.06
2024-11-01,Administrative and Support Services,428.8,5.7,1.35
2025-02-01,Administrative and Support Services,426.2,4.4,1.04
2025-05-01,Administrative and Support Services,423.8,-30.8,-6.78
2025-08-01,Administrative and Support Services,426.3,-7.6,-1.7500000000000002
2025-11-01,Administrative and Support Services,436.1,7.3,1.7000000000000002
2026-02-01,Administrative and Support Services,439.2,13.0,3.05
2015-02-01,"Agriculture, Forestry and Fishing",314.2,,
2015-05-01,"Agriculture, Forestry and Fishing",292.5,,
2015-08-01,"Agriculture, Forestry and Fishing",306.6,,
2015-11-01,"Agriculture, Forestry and Fishing",315.1,,
2016-02-01,"Agriculture, Forestry and Fishing",317.7,3.5,1.11
2016-05-01,"Agriculture, Forestry and Fishing",327.1,34.6,11.83
2016-08-01,"Agriculture, Forestry and Fishing",302.1,-4.5,-1.47
2016-11-01,"Agriculture, Forestry and Fishing",295.6,-19.5,-6.1899999999999995
2017-02-01,"Agriculture, Forestry and Fishing",300.6,-17.1,-5.38
2017-05-01,"Agriculture, Forestry and Fishing",315.9,-11.2,-3.42
2017-08-01,"Agriculture, Forestry and Fishing",333.3,31.2,10.33
2017-11-01,"Agriculture, Forestry and Fishing",331.2,35.6,12.04
2018-02-01,"Agriculture, Forestry and Fishing",329.8,29.2,9.71
2018-05-01,"Agriculture, Forestry and Fishing",328.5,12.6,3.9899999999999998
2018-08-01,"Agriculture, Forestry and Fishing",326.5,-6.8,-2.04
2018-11-01,"Agriculture, Forestry and Fishing",334.4,3.2,0.97
2019-02-01,"Agriculture, Forestry and Fishing",337.7,7.9,2.4
2019-05-01,"Agriculture, Forestry and Fishing",325.3,-3.2,-0.97
2019-08-01,"Agriculture, Forestry and Fishing",315.5,-11.0,-3.37
2019-11-01,"Agriculture, Forestry and Fishing",315.4,-19.0,-5.680000000000001
2020-02-01,"Agriculture, Forestry and Fishing",324.4,-13.3,-3.94
2020-05-01,"Agriculture, Forestry and Fishing",345.0,19.7,6.0600000000000005
2020-08-01,"Agriculture, Forestry and Fishing",356.2,40.7,12.9
2020-11-01,"Agriculture, Forestry and Fishing",342.4,27.0,8.559999999999999
2021-02-01,"Agriculture, Forestry and Fishing",333.5,9.1,2.81
2021-05-01,"Agriculture, Forestry and Fishing",310.9,-34.1,-9.879999999999999
2021-08-01,"Agriculture, Forestry and Fishing",318.5,-37.7,-10.58
2021-11-01,"Agriculture, Forestry and Fishing",333.0,-9.4,-2.75
2022-02-01,"Agriculture, Forestry and Fishing",305.0,-28.5,-8.55
2022-05-01,"Agriculture, Forestry and Fishing",285.5,-25.4,-8.17
2022-08-01,"Agriculture, Forestry and Fishing",294.2,-24.3,-7.630000000000001
2022-11-01,"Agriculture, Forestry and Fishing",302.2,-30.8,-9.25
2023-02-01,"Agriculture, Forestry and Fishing",301.3,-3.7,-1.21
2023-05-01,"Agriculture, Forestry and Fishing",294.1,8.6,3.01
2023-08-01,"Agriculture, Forestry and Fishing",292.4,-1.8,-0.61
2023-11-01,"Agriculture, Forestry and Fishing",306.7,4.5,1.49
2024-02-01,"Agriculture, Forestry and Fishing",320.5,19.2,6.370000000000001
2024-05-01,"Agriculture, Forestry and Fishing",327.8,33.7,11.459999999999999
2024-08-01,"Agriculture, Forestry and Fishing",321.4,29.0,9.92
2024-11-01,"Agriculture, Forestry and Fishing",303.3,-3.4,-1.11
2025-02-01,"Agriculture, Forestry and Fishing",294.0,-26.5,-8.27
2025-05-01,"Agriculture, Forestry and Fishing",296.5,-31.3,-9.55
2025-08-01,"Agriculture, Forestry and Fishing",294.3,-27.1,-8.43
2025-11-01,"Agriculture, Forestry and Fishing",270.0,-33.3,-10.979999999999999
2026-02-01,"Agriculture, Forestry and Fishing",294.9,0.9,0.31
2015-02-01,Arts and Recreation Services,236.9,,
2015-05-01,Arts and Recreation Services,228.5,,
2015-08-01,Arts and Recreation Services,221.9,,
2015-11-01,Arts and Recreation Services,232.2,,
2016-02-01,Arts and Recreation Services,237.9,1.0,0.42
2016-05-01,Arts and Recreation Services,228.7,0.2,0.09
2016-08-01,Arts and Recreation Services,235.0,13.1,5.8999999999999995
2016-11-01,Arts and Recreation Services,211.8,-20.4,-8.790000000000001
2017-02-01,Arts and Recreation Services,209.1,-28.8,-12.11
2017-05-01,Arts and Recreation Services,228.7,0.0,0.0
2017-08-01,Arts and Recreation Services,243.2,8.2,3.49
2017-11-01,Arts and Recreation Services,247.8,36.0,17.0
2018-02-01,Arts and Recreation Services,249.6,40.5,19.37
2018-05-01,Arts and Recreation Services,245.1,16.4,7.17
2018-08-01,Arts and Recreation Services,250.2,7.0,2.88
2018-11-01,Arts and Recreation Services,239.2,-8.6,-3.47
2019-02-01,Arts and Recreation Services,249.7,0.1,0.04
2019-05-01,Arts and Recreation Services,254.7,9.6,3.92
2019-08-01,Arts and Recreation Services,247.9,-2.3,-0.9199999999999999
2019-11-01,Arts and Recreation Services,248.2,9.0,3.7600000000000002
2020-02-01,Arts and Recreation Services,244.6,-5.1,-2.04
2020-05-01,Arts and Recreation Services,158.5,-96.2,-37.769999999999996
2020-08-01,Arts and Recreation Services,210.3,-37.6,-15.17
2020-11-01,Arts and Recreation Services,228.5,-19.7,-7.9399999999999995
2021-02-01,Arts and Recreation Services,237.1,-7.5,-3.0700000000000003
2021-05-01,Arts and Recreation Services,253.4,94.9,59.870000000000005
2021-08-01,Arts and Recreation Services,207.7,-2.6,-1.24
2021-11-01,Arts and Recreation Services,227.5,-1.0,-0.44
2022-02-01,Arts and Recreation Services,225.2,-11.9,-5.0200000000000005
2022-05-01,Arts and Recreation Services,229.7,-23.7,-9.35
2022-08-01,Arts and Recreation Services,236.7,29.0,13.96
2022-11-01,Arts and Recreation Services,250.3,22.8,10.02
2023-02-01,Arts and Recreation Services,245.7,20.5,9.1
2023-05-01,Arts and Recreation Services,249.6,19.9,8.66
2023-08-01,Arts and Recreation Services,262.6,25.9,10.94
2023-11-01,Arts and Recreation Services,285.0,34.7,13.86
2024-02-01,Arts and Recreation Services,272.0,26.3,10.7
2024-05-01,Arts and Recreation Services,280.3,30.7,12.3
2024-08-01,Arts and Recreation Services,279.3,16.7,6.36
2024-11-01,Arts and Recreation Services,258.0,-27.0,-9.47
2025-02-01,Arts and Recreation Services,277.9,5.9,2.17
2025-05-01,Arts and Recreation Services,272.8,-7.5,-2.68
2025-08-01,Arts and Recreation Services,266.9,-12.4,-4.44
2025-11-01,Arts and Recreation Services,250.7,-7.3,-2.83
2026-02-01,Arts and Recreation Services,263.3,-14.6,-5.25
2015-02-01,Construction,1015.7,,
2015-05-01,Construction,1030.4,,
2015-08-01,Construction,1032.8,,
2015-11-01,Construction,1046.9,,
2016-02-01,Construction,1050.2,34.5,3.4000000000000004
2016-05-01,Construction,1079.4,49.0,4.760000000000001
2016-08-01,Construction,1055.8,23.0,2.23
2016-11-01,Construction,1065.5,18.6,1.78
2017-02-01,Construction,1103.9,53.7,5.11
2017-05-01,Construction,1118.0,38.6,3.58
2017-08-01,Construction,1155.5,99.7,9.44
2017-11-01,Construction,1161.7,96.2,9.030000000000001
2018-02-01,Construction,1187.2,83.3,7.55
2018-05-01,Construction,1162.6,44.6,3.9899999999999998
2018-08-01,Construction,1188.2,32.7,2.83
2018-11-01,Construction,1156.2,-5.5,-0.47000000000000003
2019-02-01,Construction,1146.5,-40.7,-3.4299999999999997
2019-05-01,Construction,1174.0,11.4,0.98
2019-08-01,Construction,1179.8,-8.4,-0.7100000000000001
2019-11-01,Construction,1185.2,29.0,2.5100000000000002
2020-02-01,Construction,1181.4,34.9,3.04
2020-05-01,Construction,1169.3,-4.7,-0.4
2020-08-01,Construction,1162.2,-17.6,-1.49
2020-11-01,Construction,1165.7,-19.5,-1.6500000000000001
2021-02-01,Construction,1150.9,-30.5,-2.58
2021-05-01,Construction,1154.0,-15.3,-1.31
2021-08-01,Construction,1134.1,-28.1,-2.42
2021-11-01,Construction,1140.6,-25.1,-2.15
2022-02-01,Construction,1162.8,11.9,1.03
2022-05-01,Construction,1181.2,27.2,2.36
2022-08-01,Construction,1277.3,143.2,12.629999999999999
2022-11-01,Construction,1282.9,142.3,12.479999999999999
2023-02-01,Construction,1311.5,148.7,12.790000000000001
2023-05-01,Construction,1311.5,130.3,11.03
2023-08-01,Construction,1321.0,43.7,3.42
2023-11-01,Construction,1326.4,43.5,3.39
2024-02-01,Construction,1309.9,-1.6,-0.12
2024-05-01,Construction,1354.0,42.5,3.2399999999999998
2024-08-01,Construction,1324.0,3.0,0.22999999999999998
2024-11-01,Construction,1356.5,30.1,2.27
2025-02-01,Construction,1375.8,65.9,5.029999999999999
2025-05-01,Construction,1318.3,-35.7,-2.64
2025-08-01,Construction,1350.6,26.6,2.01
2025-11-01,Construction,1350.6,-5.9,-0.43
2026-02-01,Construction,1370.6,-5.2,-0.38
2015-02-01,Education and Training,929.3,,
2015-05-01,Education and Training,926.1,,
2015-08-01,Education and Training,944.7,,
2015-11-01,Education and Training,932.1,,
2016-02-01,Education and Training,929.0,-0.3,-0.03
2016-05-01,Education and Training,941.5,15.4,1.66
2016-08-01,Education and Training,957.4,12.7,1.34
2016-11-01,Education and Training,983.0,50.9,5.46
2017-02-01,Education and Training,975.7,46.7,5.029999999999999
2017-05-01,Education and Training,995.6,54.1,5.75
2017-08-01,Education and Training,1009.5,52.1,5.4399999999999995
2017-11-01,Education and Training,1016.7,33.7,3.4299999999999997
2018-02-01,Education and Training,1040.0,64.3,6.59
2018-05-01,Education and Training,997.0,1.4,0.13999999999999999
2018-08-01,Education and Training,1001.2,-8.3,-0.8200000000000001
2018-11-01,Education and Training,1041.2,24.5,2.41
2019-02-01,Education and Training,1031.4,-8.6,-0.83
2019-05-01,Education and Training,1068.1,71.1,7.13
2019-08-01,Education and Training,1087.9,86.7,8.66
2019-11-01,Education and Training,1065.6,24.4,2.34
2020-02-01,Education and Training,1120.9,89.5,8.68
2020-05-01,Education and Training,1022.6,-45.5,-4.26
2020-08-01,Education and Training,1085.8,-2.1,-0.19
2020-11-01,Education and Training,1089.7,24.1,2.26
2021-02-01,Education and Training,1082.7,-38.2,-3.4099999999999997
2021-05-01,Education and Training,1145.1,122.5,11.98
2021-08-01,Education and Training,1104.3,18.5,1.7000000000000002
2021-11-01,Education and Training,1107.9,18.2,1.67
2022-02-01,Education and Training,1141.4,58.7,5.42
2022-05-01,Education and Training,1133.4,-11.7,-1.02
2022-08-01,Education and Training,1128.7,24.4,2.21
2022-11-01,Education and Training,1150.2,42.3,3.82
2023-02-01,Education and Training,1162.0,20.6,1.7999999999999998
2023-05-01,Education and Training,1190.5,57.1,5.04
2023-08-01,Education and Training,1142.5,13.8,1.22
2023-11-01,Education and Training,1197.9,47.7,4.15
2024-02-01,Education and Training,1222.2,60.2,5.18
2024-05-01,Education and Training,1224.8,34.3,2.88
2024-08-01,Education and Training,1247.2,104.7,9.16
2024-11-01,Education and Training,1268.1,70.2,5.86
2025-02-01,Education and Training,1257.1,34.9,2.86
2025-05-01,Education and Training,1273.9,49.1,4.01
2025-08-01,Education and Training,1299.5,52.3,4.19
2025-11-01,Education and Training,1316.1,48.0,3.7900000000000005
2026-02-01,Education and Training,1330.8,73.7,5.86
2015-02-01,"Electricity, Gas, Water and Waste Services",141.5,,
2015-05-01,"Electricity, Gas, Water and Waste Services",139.4,,
2015-08-01,"Electricity, Gas, Water and Waste Services",151.0,,
2015-11-01,"Electricity, Gas, Water and Waste Services",139.7,,
2016-02-01,"Electricity, Gas, Water and Waste Services",140.3,-1.2,-0.8500000000000001
2016-05-01,"Electricity, Gas, Water and Waste Services",134.9,-4.5,-3.2300000000000004
2016-08-01,"Electricity, Gas, Water and Waste Services",132.5,-18.5,-12.25
2016-11-01,"Electricity, Gas, Water and Waste Services",136.2,-3.5,-2.5100000000000002
2017-02-01,"Electricity, Gas, Water and Waste Services",132.8,-7.5,-5.35
2017-05-01,"Electricity, Gas, Water and Waste Services",139.0,4.1,3.04
2017-08-01,"Electricity, Gas, Water and Waste Services",141.0,8.5,6.419999999999999
2017-11-01,"Electricity, Gas, Water and Waste Services",141.1,4.9,3.5999999999999996
2018-02-01,"Electricity, Gas, Water and Waste Services",154.5,21.7,16.34
2018-05-01,"Electricity, Gas, Water and Waste Services",150.2,11.2,8.06
2018-08-01,"Electricity, Gas, Water and Waste Services",147.4,6.4,4.54
2018-11-01,"Electricity, Gas, Water and Waste Services",155.5,14.4,10.209999999999999
2019-02-01,"Electricity, Gas, Water and Waste Services",148.8,-5.7,-3.6900000000000004
2019-05-01,"Electricity, Gas, Water and Waste Services",156.9,6.7,4.46
2019-08-01,"Electricity, Gas, Water and Waste Services",165.9,18.5,12.55
2019-11-01,"Electricity, Gas, Water and Waste Services",152.4,-3.1,-1.9900000000000002
2020-02-01,"Electricity, Gas, Water and Waste Services",131.3,-17.5,-11.76
2020-05-01,"Electricity, Gas, Water and Waste Services",165.8,8.9,5.67
2020-08-01,"Electricity, Gas, Water and Waste Services",153.6,-12.3,-7.41
2020-11-01,"Electricity, Gas, Water and Waste Services",154.6,2.2,1.44
2021-02-01,"Electricity, Gas, Water and Waste Services",146.9,15.6,11.88
2021-05-01,"Electricity, Gas, Water and Waste Services",147.1,-18.7,-11.28
2021-08-01,"Electricity, Gas, Water and Waste Services",146.8,-6.8,-4.43
2021-11-01,"Electricity, Gas, Water and Waste Services",136.0,-18.6,-12.030000000000001
2022-02-01,"Electricity, Gas, Water and Waste Services",167.5,20.6,14.02
2022-05-01,"Electricity, Gas, Water and Waste Services",166.3,19.2,13.05
2022-08-01,"Electricity, Gas, Water and Waste Services",158.1,11.3,7.7
2022-11-01,"Electricity, Gas, Water and Waste Services",165.4,29.4,21.62
2023-02-01,"Electricity, Gas, Water and Waste Services",165.5,-2.0,-1.1900000000000002
2023-05-01,"Electricity, Gas, Water and Waste Services",154.1,-12.2,-7.340000000000001
2023-08-01,"Electricity, Gas, Water and Waste Services",161.6,3.5,2.21
2023-11-01,"Electricity, Gas, Water and Waste Services",158.5,-6.9,-4.17
2024-02-01,"Electricity, Gas, Water and Waste Services",168.1,2.6,1.5699999999999998
2024-05-01,"Electricity, Gas, Water and Waste Services",213.0,58.9,38.22
2024-08-01,"Electricity, Gas, Water and Waste Services",203.4,41.8,25.869999999999997
2024-11-01,"Electricity, Gas, Water and Waste Services",194.2,35.7,22.52
2025-02-01,"Electricity, Gas, Water and Waste Services",189.1,21.0,12.49
2025-05-01,"Electricity, Gas, Water and Waste Services",203.5,-9.5,-4.46
2025-08-01,"Electricity, Gas, Water and Waste Services",211.3,7.9,3.88
2025-11-01,"Electricity, Gas, Water and Waste Services",225.8,31.6,16.27
2026-02-01,"Electricity, Gas, Water and Waste Services",214.3,25.2,13.33
2015-02-01,Employed total ;,11693.1,,
2015-05-01,Employed total ;,11738.9,,
2015-08-01,Employed total ;,11784.5,,
2015-11-01,Employed total ;,11901.1,,
2016-02-01,Employed total ;,11945.7,252.6,2.16
2016-05-01,Employed total ;,11956.4,217.5,1.8499999999999999
2016-08-01,Employed total ;,11977.2,192.7,1.6400000000000001
2016-11-01,Employed total ;,11996.8,95.7,0.8
2017-02-01,Employed total ;,12033.5,87.8,0.73
2017-05-01,Employed total ;,12193.0,236.6,1.9800000000000002
2017-08-01,Employed total ;,12304.2,327.0,2.73
2017-11-01,Employed total ;,12378.2,381.4,3.18
2018-02-01,Employed total ;,12438.8,405.3,3.37
2018-05-01,Employed total ;,12492.5,299.5,2.46
2018-08-01,Employed total ;,12605.6,301.4,2.45
2018-11-01,Employed total ;,12657.2,279.0,2.25
2019-02-01,Employed total ;,12741.0,302.2,2.4299999999999997
2019-05-01,Employed total ;,12843.7,351.2,2.81
2019-08-01,Employed total ;,12903.6,298.0,2.36
2019-11-01,Employed total ;,12892.2,235.0,1.8599999999999999
2020-02-01,Employed total ;,12948.3,207.3,1.63
2020-05-01,Employed total ;,12116.3,-727.4,-5.66
2020-08-01,Employed total ;,12568.6,-335.0,-2.6
2020-11-01,Employed total ;,12764.9,-127.3,-0.9900000000000001
2021-02-01,Employed total ;,12916.0,-32.3,-0.25
2021-05-01,Employed total ;,13091.5,975.2,8.05
2021-08-01,Employed total ;,12965.8,397.2,3.16
2021-11-01,Employed total ;,13170.9,406.0,3.18
2022-02-01,Employed total ;,13403.1,487.1,3.7699999999999996
2022-05-01,Employed total ;,13526.6,435.1,3.32
2022-08-01,Employed total ;,13680.5,714.7,5.510000000000001
2022-11-01,Employed total ;,13815.0,644.1,4.89
2023-02-01,Employed total ;,13881.3,478.2,3.5700000000000003
2023-05-01,Employed total ;,14051.6,525.0,3.88
2023-08-01,Employed total ;,14110.7,430.2,3.1399999999999997
2023-11-01,Employed total ;,14233.5,418.5,3.0300000000000002
2024-02-01,Employed total ;,14300.9,419.6,3.02
2024-05-01,Employed total ;,14332.6,281.0,2.0
2024-08-01,Employed total ;,14423.1,312.4,2.21
2024-11-01,Employed total ;,14500.9,267.4,1.8800000000000001
2025-02-01,Employed total ;,14506.6,205.7,1.44
2025-05-01,Employed total ;,14627.2,294.6,2.06
2025-08-01,Employed total ;,14614.0,190.9,1.32
2025-11-01,Employed total ;,14642.9,142.0,0.98
2026-02-01,Employed total ;,14771.9,265.3,1.83
2015-02-01,Financial and Insurance Services,411.0,,
2015-05-01,Financial and Insurance Services,392.3,,
2015-08-01,Financial and Insurance Services,419.3,,
2015-11-01,Financial and Insurance Services,459.8,,
2016-02-01,Financial and Insurance Services,427.6,16.6,4.04
2016-05-01,Financial and Insurance Services,433.6,41.3,10.530000000000001
2016-08-01,Financial and Insurance Services,436.7,17.4,4.15
2016-11-01,Financial and Insurance Services,426.4,-33.4,-7.26
2017-02-01,Financial and Insurance Services,449.3,21.7,5.07
2017-05-01,Financial and Insurance Services,438.4,4.8,1.11
2017-08-01,Financial and Insurance Services,420.8,-15.9,-3.64
2017-11-01,Financial and Insurance Services,425.8,-0.6,-0.13999999999999999
2018-02-01,Financial and Insurance Services,430.0,-19.3,-4.3
2018-05-01,Financial and Insurance Services,444.2,5.8,1.32
2018-08-01,Financial and Insurance Services,453.4,32.6,7.75
2018-11-01,Financial and Insurance Services,441.2,15.4,3.62
2019-02-01,Financial and Insurance Services,443.7,13.7,3.19
2019-05-01,Financial and Insurance Services,432.7,-11.5,-2.59
2019-08-01,Financial and Insurance Services,440.8,-12.6,-2.78
2019-11-01,Financial and Insurance Services,459.1,17.9,4.06
2020-02-01,Financial and Insurance Services,466.2,22.5,5.07
2020-05-01,Financial and Insurance Services,479.7,47.0,10.86
2020-08-01,Financial and Insurance Services,478.2,37.4,8.48
2020-11-01,Financial and Insurance Services,474.2,15.1,3.29
2021-02-01,Financial and Insurance Services,469.3,3.1,0.66
2021-05-01,Financial and Insurance Services,479.8,0.1,0.02
2021-08-01,Financial and Insurance Services,512.5,34.3,7.17
2021-11-01,Financial and Insurance Services,512.4,38.2,8.06
2022-02-01,Financial and Insurance Services,550.5,81.2,17.299999999999997
2022-05-01,Financial and Insurance Services,558.8,79.0,16.470000000000002
2022-08-01,Financial and Insurance Services,534.3,21.8,4.25
2022-11-01,Financial and Insurance Services,561.1,48.7,9.5
2023-02-01,Financial and Insurance Services,539.5,-11.0,-2.0
2023-05-01,Financial and Insurance Services,554.8,-4.0,-0.72
2023-08-01,Financial and Insurance Services,557.1,22.8,4.2700000000000005
2023-11-01,Financial and Insurance Services,563.7,2.6,0.45999999999999996
2024-02-01,Financial and Insurance Services,541.6,2.1,0.38999999999999996
2024-05-01,Financial and Insurance Services,518.1,-36.7,-6.61
2024-08-01,Financial and Insurance Services,531.4,-25.7,-4.61
2024-11-01,Financial and Insurance Services,539.3,-24.4,-4.33
2025-02-01,Financial and Insurance Services,555.3,13.7,2.53
2025-05-01,Financial and Insurance Services,581.8,63.7,12.29
2025-08-01,Financial and Insurance Services,544.8,13.4,2.52
2025-11-01,Financial and Insurance Services,536.7,-2.6,-0.48
2026-02-01,Financial and Insurance Services,543.7,-11.6,-2.09
2015-02-01,Health Care and Social Assistance,1452.6,,
2015-05-01,Health Care and Social Assistance,1478.9,,
2015-08-01,Health Care and Social Assistance,1517.9,,
2015-11-01,Health Care and Social Assistance,1535.1,,
2016-02-01,Health Care and Social Assistance,1516.5,63.9,4.3999999999999995
2016-05-01,Health Care and Social Assistance,1566.8,87.9,5.94
2016-08-01,Health Care and Social Assistance,1527.9,10.0,0.66
2016-11-01,Health Care and Social Assistance,1546.6,11.5,0.75
2017-02-01,Health Care and Social Assistance,1523.4,6.9,0.44999999999999996
2017-05-01,Health Care and Social Assistance,1628.4,61.6,3.93
2017-08-01,Health Care and Social Assistance,1664.7,136.8,8.95
2017-11-01,Health Care and Social Assistance,1659.8,113.2,7.32
2018-02-01,Health Care and Social Assistance,1678.8,155.4,10.2
2018-05-01,Health Care and Social Assistance,1666.5,38.1,2.34
2018-08-01,Health Care and Social Assistance,1672.4,7.7,0.45999999999999996
2018-11-01,Health Care and Social Assistance,1685.2,25.4,1.53
2019-02-01,Health Care and Social Assistance,1686.6,7.8,0.45999999999999996
2019-05-01,Health Care and Social Assistance,1665.9,-0.6,-0.04
2019-08-01,Health Care and Social Assistance,1731.4,59.0,3.53
2019-11-01,Health Care and Social Assistance,1771.1,85.9,5.1
2020-02-01,Health Care and Social Assistance,1783.6,97.0,5.75
2020-05-01,Health Care and Social Assistance,1709.8,43.9,2.64
2020-08-01,Health Care and Social Assistance,1770.8,39.4,2.2800000000000002
2020-11-01,Health Care and Social Assistance,1749.8,-21.3,-1.2
2021-02-01,Health Care and Social Assistance,1785.8,2.2,0.12
2021-05-01,Health Care and Social Assistance,1819.6,109.8,6.419999999999999
2021-08-01,Health Care and Social Assistance,1861.4,90.6,5.12
2021-11-01,Health Care and Social Assistance,1897.9,148.1,8.459999999999999
2022-02-01,Health Care and Social Assistance,2008.6,222.8,12.479999999999999
2022-05-01,Health Care and Social Assistance,2018.1,198.5,10.91
2022-08-01,Health Care and Social Assistance,2050.3,188.9,10.15
2022-11-01,Health Care and Social Assistance,2077.5,179.6,9.46
2023-02-01,Health Care and Social Assistance,2117.1,108.5,5.4
2023-05-01,Health Care and Social Assistance,2146.7,128.6,6.370000000000001
2023-08-01,Health Care and Social Assistance,2145.1,94.8,4.62
2023-11-01,Health Care and Social Assistance,2235.0,157.5,7.580000000000001
2024-02-01,Health Care and Social Assistance,2225.4,108.3,5.12
2024-05-01,Health Care and Social Assistance,2251.1,104.4,4.859999999999999
2024-08-01,Health Care and Social Assistance,2240.6,95.5,4.45
2024-11-01,Health Care and Social Assistance,2258.5,23.5,1.05
2025-02-01,Health Care and Social Assistance,2310.9,85.5,3.84
2025-05-01,Health Care and Social Assistance,2385.8,134.7,5.9799999999999995
2025-08-01,Health Care and Social Assistance,2357.3,116.7,5.21
2025-11-01,Health Care and Social Assistance,2364.0,105.5,4.67
2026-02-01,Health Care and Social Assistance,2394.4,83.5,3.61
2015-02-01,Information Media and Telecommunications,216.4,,
2015-05-01,Information Media and Telecommunications,206.2,,
2015-08-01,Information Media and Telecommunications,216.5,,
2015-11-01,Information Media and Telecommunications,221.1,,
2016-02-01,Information Media and Telecommunications,212.4,-4.0,-1.8499999999999999
2016-05-01,Information Media and Telecommunications,194.9,-11.3,-5.48
2016-08-01,Information Media and Telecommunications,211.8,-4.7,-2.17
2016-11-01,Information Media and Telecommunications,215.0,-6.1,-2.76
2017-02-01,Information Media and Telecommunications,210.9,-1.5,-0.7100000000000001
2017-05-01,Information Media and Telecommunications,224.4,29.5,15.14
2017-08-01,Information Media and Telecommunications,220.4,8.6,4.06
2017-11-01,Information Media and Telecommunications,213.3,-1.7,-0.79
2018-02-01,Information Media and Telecommunications,217.5,6.6,3.1300000000000003
2018-05-01,Information Media and Telecommunications,227.9,3.5,1.5599999999999998
2018-08-01,Information Media and Telecommunications,222.0,1.6,0.73
2018-11-01,Information Media and Telecommunications,222.3,9.0,4.22
2019-02-01,Information Media and Telecommunications,212.4,-5.1,-2.34
2019-05-01,Information Media and Telecommunications,196.6,-31.3,-13.73
2019-08-01,Information Media and Telecommunications,210.6,-11.4,-5.140000000000001
2019-11-01,Information Media and Telecommunications,209.3,-13.0,-5.8500000000000005
2020-02-01,Information Media and Telecommunications,208.1,-4.3,-2.02
2020-05-01,Information Media and Telecommunications,180.4,-16.2,-8.24
2020-08-01,Information Media and Telecommunications,195.3,-15.3,-7.26
2020-11-01,Information Media and Telecommunications,192.6,-16.7,-7.9799999999999995
2021-02-01,Information Media and Telecommunications,194.6,-13.5,-6.49
2021-05-01,Information Media and Telecommunications,175.0,-5.4,-2.9899999999999998
2021-08-01,Information Media and Telecommunications,184.2,-11.1,-5.680000000000001
2021-11-01,Information Media and Telecommunications,188.9,-3.7,-1.92
2022-02-01,Information Media and Telecommunications,202.2,7.6,3.91
2022-05-01,Information Media and Telecommunications,198.0,23.0,13.139999999999999
2022-08-01,Information Media and Telecommunications,201.0,16.8,9.120000000000001
2022-11-01,Information Media and Telecommunications,190.4,1.5,0.79
2023-02-01,Information Media and Telecommunications,198.7,-3.5,-1.73
2023-05-01,Information Media and Telecommunications,190.8,-7.2,-3.64
2023-08-01,Information Media and Telecommunications,190.4,-10.6,-5.27
2023-11-01,Information Media and Telecommunications,191.3,0.9,0.47000000000000003
2024-02-01,Information Media and Telecommunications,192.1,-6.6,-3.32
2024-05-01,Information Media and Telecommunications,196.2,5.4,2.83
2024-08-01,Information Media and Telecommunications,187.6,-2.8,-1.47
2024-11-01,Information Media and Telecommunications,185.3,-6.0,-3.1399999999999997
2025-02-01,Information Media and Telecommunications,193.5,1.4,0.73
2025-05-01,Information Media and Telecommunications,178.4,-17.8,-9.07
2025-08-01,Information Media and Telecommunications,188.9,1.3,0.69
2025-11-01,Information Media and Telecommunications,187.3,2.0,1.08
2026-02-01,Information Media and Telecommunications,174.4,-19.1,-9.87
2015-02-01,Manufacturing,917.3,,
2015-05-01,Manufacturing,915.6,,
2015-08-01,Manufacturing,890.0,,
2015-11-01,Manufacturing,859.3,,
2016-02-01,Manufacturing,897.3,-20.0,-2.18
2016-05-01,Manufacturing,893.2,-22.4,-2.45
2016-08-01,Manufacturing,884.2,-5.8,-0.65
2016-11-01,Manufacturing,963.8,104.5,12.16
2017-02-01,Manufacturing,908.7,11.4,1.27
2017-05-01,Manufacturing,888.3,-4.9,-0.5499999999999999
2017-08-01,Manufacturing,876.2,-8.0,-0.8999999999999999
2017-11-01,Manufacturing,878.9,-84.9,-8.81
2018-02-01,Manufacturing,917.8,9.1,1.0
2018-05-01,Manufacturing,949.0,60.7,6.83
2018-08-01,Manufacturing,966.0,89.8,10.25
2018-11-01,Manufacturing,900.7,21.8,2.48
2019-02-01,Manufacturing,856.6,-61.2,-6.67
2019-05-01,Manufacturing,903.2,-45.8,-4.83
2019-08-01,Manufacturing,872.4,-93.6,-9.69
2019-11-01,Manufacturing,915.0,14.3,1.59
2020-02-01,Manufacturing,912.1,55.5,6.4799999999999995
2020-05-01,Manufacturing,860.8,-42.4,-4.6899999999999995
2020-08-01,Manufacturing,863.0,-9.4,-1.08
2020-11-01,Manufacturing,835.3,-79.7,-8.709999999999999
2021-02-01,Manufacturing,886.6,-25.5,-2.8000000000000003
2021-05-01,Manufacturing,911.1,50.3,5.84
2021-08-01,Manufacturing,967.1,104.1,12.06
2021-11-01,Manufacturing,855.4,20.1,2.41
2022-02-01,Manufacturing,851.2,-35.4,-3.9899999999999998
2022-05-01,Manufacturing,835.6,-75.5,-8.290000000000001
2022-08-01,Manufacturing,856.7,-110.4,-11.42
2022-11-01,Manufacturing,867.4,12.0,1.4000000000000001
2023-02-01,Manufacturing,866.5,15.3,1.7999999999999998
2023-05-01,Manufacturing,904.6,69.0,8.260000000000002
2023-08-01,Manufacturing,933.3,76.6,8.94
2023-11-01,Manufacturing,921.6,54.2,6.25
2024-02-01,Manufacturing,909.8,43.3,5.0
2024-05-01,Manufacturing,902.0,-2.6,-0.29
2024-08-01,Manufacturing,892.9,-40.4,-4.33
2024-11-01,Manufacturing,880.1,-41.5,-4.5
2025-02-01,Manufacturing,884.4,-25.4,-2.79
2025-05-01,Manufacturing,866.8,-35.2,-3.9
2025-08-01,Manufacturing,860.4,-32.5,-3.64
2025-11-01,Manufacturing,869.5,-10.6,-1.2
2026-02-01,Manufacturing,869.0,-15.4,-1.7399999999999998
2015-02-01,Mining,217.9,,
2015-05-01,Mining,223.2,,
2015-08-01,Mining,244.2,,
2015-11-01,Mining,216.3,,
2016-02-01,Mining,218.6,0.7,0.32
2016-05-01,Mining,219.5,-3.7,-1.66
2016-08-01,Mining,220.2,-24.0,-9.83
2016-11-01,Mining,227.9,11.6,5.36
2017-02-01,Mining,235.9,17.3,7.91
2017-05-01,Mining,230.0,10.5,4.78
2017-08-01,Mining,230.8,10.6,4.81
2017-11-01,Mining,234.5,6.6,2.9000000000000004
2018-02-01,Mining,243.0,7.1,3.01
2018-05-01,Mining,251.9,21.9,9.520000000000001
2018-08-01,Mining,265.4,34.6,14.99
2018-11-01,Mining,272.7,38.2,16.29
2019-02-01,Mining,268.3,25.3,10.41
2019-05-01,Mining,263.3,11.4,4.53
2019-08-01,Mining,260.9,-4.5,-1.7000000000000002
2019-11-01,Mining,274.3,1.6,0.59
2020-02-01,Mining,262.3,-6.0,-2.2399999999999998
2020-05-01,Mining,254.3,-9.0,-3.42
2020-08-01,Mining,269.1,8.2,3.1399999999999997
2020-11-01,Mining,286.6,12.3,4.4799999999999995
2021-02-01,Mining,275.4,13.1,4.99
2021-05-01,Mining,285.2,30.9,12.15
2021-08-01,Mining,294.2,25.1,9.33
2021-11-01,Mining,302.8,16.2,5.65
2022-02-01,Mining,308.9,33.5,12.16
2022-05-01,Mining,319.5,34.3,12.030000000000001
2022-08-01,Mining,300.7,6.5,2.21
2022-11-01,Mining,298.4,-4.4,-1.4500000000000002
2023-02-01,Mining,301.0,-7.9,-2.56
2023-05-01,Mining,321.1,1.6,0.5
2023-08-01,Mining,329.1,28.4,9.44
2023-11-01,Mining,322.3,23.9,8.01
2024-02-01,Mining,304.7,3.7,1.23
2024-05-01,Mining,283.8,-37.3,-11.62
2024-08-01,Mining,305.4,-23.7,-7.199999999999999
2024-11-01,Mining,319.8,-2.5,-0.7799999999999999
2025-02-01,Mining,329.1,24.4,8.01
2025-05-01,Mining,315.7,31.9,11.24
2025-08-01,Mining,293.8,-11.6,-3.8
2025-11-01,Mining,295.3,-24.5,-7.66
2026-02-01,Mining,311.9,-17.2,-5.2299999999999995
2015-02-01,Other Services,482.8,,
2015-05-01,Other Services,478.9,,
2015-08-01,Other Services,475.1,,
2015-11-01,Other Services,476.9,,
2016-02-01,Other Services,458.6,-24.2,-5.01
2016-05-01,Other Services,478.8,-0.1,-0.02
2016-08-01,Other Services,487.2,12.1,2.55
2016-11-01,Other Services,464.3,-12.6,-2.64
2017-02-01,Other Services,484.3,25.7,5.6000000000000005
2017-05-01,Other Services,495.6,16.8,3.51
2017-08-01,Other Services,503.2,16.0,3.2800000000000002
2017-11-01,Other Services,535.8,71.5,15.4
2018-02-01,Other Services,480.2,-4.1,-0.8500000000000001
2018-05-01,Other Services,466.5,-29.1,-5.87
2018-08-01,Other Services,482.3,-20.9,-4.15
2018-11-01,Other Services,487.9,-47.9,-8.94
2019-02-01,Other Services,524.5,44.3,9.229999999999999
2019-05-01,Other Services,513.4,46.9,10.05
2019-08-01,Other Services,508.0,25.7,5.33
2019-11-01,Other Services,501.9,14.0,2.87
2020-02-01,Other Services,485.2,-39.3,-7.489999999999999
2020-05-01,Other Services,431.7,-81.7,-15.909999999999998
2020-08-01,Other Services,441.4,-66.6,-13.11
2020-11-01,Other Services,466.4,-35.5,-7.07
2021-02-01,Other Services,502.5,17.3,3.5700000000000003
2021-05-01,Other Services,525.9,94.2,21.82
2021-08-01,Other Services,536.2,94.8,21.48
2021-11-01,Other Services,541.4,75.0,16.08
2022-02-01,Other Services,508.5,6.0,1.1900000000000002
2022-05-01,Other Services,539.7,13.8,2.62
2022-08-01,Other Services,523.7,-12.5,-2.33
2022-11-01,Other Services,504.8,-36.6,-6.76
2023-02-01,Other Services,517.5,9.0,1.77
2023-05-01,Other Services,523.5,-16.2,-3.0
2023-08-01,Other Services,515.8,-7.9,-1.51
2023-11-01,Other Services,526.3,21.5,4.26
2024-02-01,Other Services,520.9,3.4,0.66
2024-05-01,Other Services,514.4,-9.1,-1.7399999999999998
2024-08-01,Other Services,525.7,9.9,1.92
2024-11-01,Other Services,560.9,34.6,6.569999999999999
2025-02-01,Other Services,543.9,23.0,4.42
2025-05-01,Other Services,532.8,18.4,3.58
2025-08-01,Other Services,571.3,45.6,8.67
2025-11-01,Other Services,581.9,21.0,3.74
2026-02-01,Other Services,581.1,37.2,6.84
2015-02-01,"Professional, Scientific and Technical Services",984.0,,
2015-05-01,"Professional, Scientific and Technical Services",1023.0,,
2015-08-01,"Professional, Scientific and Technical Services",969.4,,
2015-11-01,"Professional, Scientific and Technical Services",1024.1,,
2016-02-01,"Professional, Scientific and Technical Services",1024.6,40.6,4.130000000000001
2016-05-01,"Professional, Scientific and Technical Services",981.0,-42.0,-4.109999999999999
2016-08-01,"Professional, Scientific and Technical Services",1048.3,78.9,8.14
2016-11-01,"Professional, Scientific and Technical Services",1020.1,-4.0,-0.38999999999999996
2017-02-01,"Professional, Scientific and Technical Services",1011.1,-13.5,-1.32
2017-05-01,"Professional, Scientific and Technical Services",1003.6,22.6,2.3
2017-08-01,"Professional, Scientific and Technical Services",1008.7,-39.6,-3.7800000000000002
2017-11-01,"Professional, Scientific and Technical Services",1031.6,11.5,1.13
2018-02-01,"Professional, Scientific and Technical Services",1015.7,4.6,0.44999999999999996
2018-05-01,"Professional, Scientific and Technical Services",1049.9,46.3,4.61
2018-08-01,"Professional, Scientific and Technical Services",1071.3,62.6,6.21
2018-11-01,"Professional, Scientific and Technical Services",1077.6,46.0,4.46
2019-02-01,"Professional, Scientific and Technical Services",1117.1,101.4,9.98
2019-05-01,"Professional, Scientific and Technical Services",1132.7,82.8,7.89
2019-08-01,"Professional, Scientific and Technical Services",1162.7,91.4,8.53
2019-11-01,"Professional, Scientific and Technical Services",1144.4,66.8,6.2
2020-02-01,"Professional, Scientific and Technical Services",1140.9,23.8,2.13
2020-05-01,"Professional, Scientific and Technical Services",1093.4,-39.3,-3.47
2020-08-01,"Professional, Scientific and Technical Services",1109.8,-52.9,-4.55
2020-11-01,"Professional, Scientific and Technical Services",1165.7,21.3,1.8599999999999999
2021-02-01,"Professional, Scientific and Technical Services",1185.3,44.4,3.8899999999999997
2021-05-01,"Professional, Scientific and Technical Services",1205.9,112.5,10.290000000000001
2021-08-01,"Professional, Scientific and Technical Services",1182.9,73.1,6.59
2021-11-01,"Professional, Scientific and Technical Services",1210.0,44.3,3.8
2022-02-01,"Professional, Scientific and Technical Services",1245.3,60.0,5.06
2022-05-01,"Professional, Scientific and Technical Services",1257.0,51.1,4.24
2022-08-01,"Professional, Scientific and Technical Services",1287.4,104.5,8.83
2022-11-01,"Professional, Scientific and Technical Services",1279.0,69.0,5.7
2023-02-01,"Professional, Scientific and Technical Services",1274.7,29.4,2.36
2023-05-01,"Professional, Scientific and Technical Services",1351.1,94.1,7.489999999999999
2023-08-01,"Professional, Scientific and Technical Services",1317.2,29.8,2.31
2023-11-01,"Professional, Scientific and Technical Services",1336.6,57.6,4.5
2024-02-01,"Professional, Scientific and Technical Services",1331.6,56.9,4.46
2024-05-01,"Professional, Scientific and Technical Services",1308.0,-43.1,-3.19
2024-08-01,"Professional, Scientific and Technical Services",1311.4,-5.8,-0.44
2024-11-01,"Professional, Scientific and Technical Services",1317.3,-19.3,-1.44
2025-02-01,"Professional, Scientific and Technical Services",1268.2,-63.4,-4.760000000000001
2025-05-01,"Professional, Scientific and Technical Services",1373.9,65.9,5.04
2025-08-01,"Professional, Scientific and Technical Services",1390.1,78.7,6.0
2025-11-01,"Professional, Scientific and Technical Services",1383.4,66.1,5.0200000000000005
2026-02-01,"Professional, Scientific and Technical Services",1424.9,156.7,12.36
2015-02-01,Public Administration and Safety,736.4,,
2015-05-01,Public Administration and Safety,737.5,,
2015-08-01,Public Administration and Safety,732.1,,
2015-11-01,Public Administration and Safety,738.0,,
2016-02-01,Public Administration and Safety,748.7,12.3,1.67
2016-05-01,Public Administration and Safety,762.1,24.6,3.34
2016-08-01,Public Administration and Safety,769.4,37.3,5.09
2016-11-01,Public Administration and Safety,775.4,37.4,5.07
2017-02-01,Public Administration and Safety,820.6,71.9,9.6
2017-05-01,Public Administration and Safety,771.6,9.5,1.25
2017-08-01,Public Administration and Safety,750.7,-18.7,-2.4299999999999997
2017-11-01,Public Administration and Safety,745.0,-30.4,-3.92
2018-02-01,Public Administration and Safety,697.5,-123.1,-15.0
2018-05-01,Public Administration and Safety,789.7,18.1,2.35
2018-08-01,Public Administration and Safety,838.8,88.1,11.74
2018-11-01,Public Administration and Safety,842.8,97.8,13.13
2019-02-01,Public Administration and Safety,869.7,172.2,24.69
2019-05-01,Public Administration and Safety,839.9,50.2,6.36
2019-08-01,Public Administration and Safety,825.3,-13.5,-1.6099999999999999
2019-11-01,Public Administration and Safety,847.5,4.7,0.5599999999999999
2020-02-01,Public Administration and Safety,832.9,-36.8,-4.2299999999999995
2020-05-01,Public Administration and Safety,850.5,10.6,1.26
2020-08-01,Public Administration and Safety,883.6,58.3,7.06
2020-11-01,Public Administration and Safety,882.3,34.8,4.109999999999999
2021-02-01,Public Administration and Safety,866.0,33.1,3.9699999999999998
2021-05-01,Public Administration and Safety,876.9,26.4,3.1
2021-08-01,Public Administration and Safety,905.5,21.9,2.48
2021-11-01,Public Administration and Safety,930.1,47.8,5.42
2022-02-01,Public Administration and Safety,902.3,36.3,4.19
2022-05-01,Public Administration and Safety,915.0,38.1,4.34
2022-08-01,Public Administration and Safety,861.4,-44.1,-4.87
2022-11-01,Public Administration and Safety,855.7,-74.4,-8.0
2023-02-01,Public Administration and Safety,898.2,-4.1,-0.44999999999999996
2023-05-01,Public Administration and Safety,925.7,10.7,1.17
2023-08-01,Public Administration and Safety,940.1,78.7,9.139999999999999
2023-11-01,Public Administration and Safety,939.7,84.0,9.82
2024-02-01,Public Administration and Safety,936.5,38.3,4.26
2024-05-01,Public Administration and Safety,942.4,16.7,1.7999999999999998
2024-08-01,Public Administration and Safety,978.9,38.8,4.130000000000001
2024-11-01,Public Administration and Safety,969.6,29.9,3.18
2025-02-01,Public Administration and Safety,992.2,55.7,5.949999999999999
2025-05-01,Public Administration and Safety,990.3,47.9,5.08
2025-08-01,Public Administration and Safety,996.9,18.0,1.8399999999999999
2025-11-01,Public Administration and Safety,989.8,20.2,2.08
2026-02-01,Public Administration and Safety,967.5,-24.7,-2.4899999999999998
2015-02-01,"Rental, Hiring and Real Estate Services",206.5,,
2015-05-01,"Rental, Hiring and Real Estate Services",208.5,,
2015-08-01,"Rental, Hiring and Real Estate Services",206.1,,
2015-11-01,"Rental, Hiring and Real Estate Services",216.5,,
2016-02-01,"Rental, Hiring and Real Estate Services",220.1,13.6,6.59
2016-05-01,"Rental, Hiring and Real Estate Services",214.7,6.2,2.97
2016-08-01,"Rental, Hiring and Real Estate Services",207.9,1.8,0.8699999999999999
2016-11-01,"Rental, Hiring and Real Estate Services",215.8,-0.7,-0.32
2017-02-01,"Rental, Hiring and Real Estate Services",212.3,-7.8,-3.54
2017-05-01,"Rental, Hiring and Real Estate Services",206.3,-8.4,-3.91
2017-08-01,"Rental, Hiring and Real Estate Services",196.8,-11.1,-5.34
2017-11-01,"Rental, Hiring and Real Estate Services",219.2,3.4,1.58
2018-02-01,"Rental, Hiring and Real Estate Services",213.3,1.0,0.47000000000000003
2018-05-01,"Rental, Hiring and Real Estate Services",218.4,12.1,5.87
2018-08-01,"Rental, Hiring and Real Estate Services",215.5,18.7,9.5
2018-11-01,"Rental, Hiring and Real Estate Services",214.1,-5.1,-2.33
2019-02-01,"Rental, Hiring and Real Estate Services",210.2,-3.1,-1.4500000000000002
2019-05-01,"Rental, Hiring and Real Estate Services",212.7,-5.7,-2.6100000000000003
2019-08-01,"Rental, Hiring and Real Estate Services",208.3,-7.2,-3.34
2019-11-01,"Rental, Hiring and Real Estate Services",216.4,2.3,1.0699999999999998
2020-02-01,"Rental, Hiring and Real Estate Services",214.3,4.1,1.95
2020-05-01,"Rental, Hiring and Real Estate Services",218.8,6.1,2.87
2020-08-01,"Rental, Hiring and Real Estate Services",213.6,5.3,2.54
2020-11-01,"Rental, Hiring and Real Estate Services",204.3,-12.1,-5.59
2021-02-01,"Rental, Hiring and Real Estate Services",206.6,-7.7,-3.5900000000000003
2021-05-01,"Rental, Hiring and Real Estate Services",209.6,-9.2,-4.2
2021-08-01,"Rental, Hiring and Real Estate Services",225.4,11.8,5.52
2021-11-01,"Rental, Hiring and Real Estate Services",232.1,27.8,13.61
2022-02-01,"Rental, Hiring and Real Estate Services",235.6,29.0,14.04
2022-05-01,"Rental, Hiring and Real Estate Services",226.9,17.3,8.25
2022-08-01,"Rental, Hiring and Real Estate Services",230.7,5.3,2.35
2022-11-01,"Rental, Hiring and Real Estate Services",216.3,-15.8,-6.81
2023-02-01,"Rental, Hiring and Real Estate Services",219.4,-16.2,-6.88
2023-05-01,"Rental, Hiring and Real Estate Services",209.6,-17.3,-7.62
2023-08-01,"Rental, Hiring and Real Estate Services",219.9,-10.8,-4.68
2023-11-01,"Rental, Hiring and Real Estate Services",201.1,-15.2,-7.03
2024-02-01,"Rental, Hiring and Real Estate Services",229.6,10.2,4.65
2024-05-01,"Rental, Hiring and Real Estate Services",237.7,28.1,13.41
2024-08-01,"Rental, Hiring and Real Estate Services",254.1,34.2,15.55
2024-11-01,"Rental, Hiring and Real Estate Services",255.6,54.5,27.1
2025-02-01,"Rental, Hiring and Real Estate Services",248.6,19.0,8.28
2025-05-01,"Rental, Hiring and Real Estate Services",244.2,6.5,2.73
2025-08-01,"Rental, Hiring and Real Estate Services",220.7,-33.4,-13.139999999999999
2025-11-01,"Rental, Hiring and Real Estate Services",231.4,-24.2,-9.47
2026-02-01,"Rental, Hiring and Real Estate Services",208.9,-39.7,-15.97
2015-02-01,Retail Trade,1213.9,,
2015-05-01,Retail Trade,1220.6,,
2015-08-01,Retail Trade,1264.1,,
2015-11-01,Retail Trade,1275.3,,
2016-02-01,Retail Trade,1275.2,61.3,5.050000000000001
2016-05-01,Retail Trade,1253.3,32.7,2.68
2016-08-01,Retail Trade,1227.2,-36.9,-2.92
2016-11-01,Retail Trade,1228.2,-47.1,-3.6900000000000004
2017-02-01,Retail Trade,1207.3,-67.9,-5.319999999999999
2017-05-01,Retail Trade,1264.1,10.8,0.86
2017-08-01,Retail Trade,1262.7,35.5,2.8899999999999997
2017-11-01,Retail Trade,1286.0,57.8,4.71
2018-02-01,Retail Trade,1290.6,83.3,6.9
2018-05-01,Retail Trade,1262.3,-1.8,-0.13999999999999999
2018-08-01,Retail Trade,1259.1,-3.6,-0.29
2018-11-01,Retail Trade,1263.4,-22.6,-1.76
2019-02-01,Retail Trade,1266.1,-24.5,-1.9
2019-05-01,Retail Trade,1283.0,20.7,1.6400000000000001
2019-08-01,Retail Trade,1259.3,0.2,0.02
2019-11-01,Retail Trade,1239.9,-23.5,-1.8599999999999999
2020-02-01,Retail Trade,1229.6,-36.5,-2.88
2020-05-01,Retail Trade,1166.0,-117.0,-9.120000000000001
2020-08-01,Retail Trade,1222.1,-37.2,-2.9499999999999997
2020-11-01,Retail Trade,1267.7,27.8,2.2399999999999998
2021-02-01,Retail Trade,1288.5,58.9,4.79
2021-05-01,Retail Trade,1300.7,134.7,11.55
2021-08-01,Retail Trade,1223.2,1.1,0.09
2021-11-01,Retail Trade,1274.8,7.1,0.5599999999999999
2022-02-01,Retail Trade,1269.7,-18.8,-1.46
2022-05-01,Retail Trade,1298.4,-2.3,-0.18
2022-08-01,Retail Trade,1335.5,112.3,9.180000000000001
2022-11-01,Retail Trade,1339.9,65.1,5.11
2023-02-01,Retail Trade,1349.6,79.9,6.29
2023-05-01,Retail Trade,1317.8,19.4,1.49
2023-08-01,Retail Trade,1347.4,11.9,0.89
2023-11-01,Retail Trade,1301.7,-38.2,-2.85
2024-02-01,Retail Trade,1344.4,-5.2,-0.38999999999999996
2024-05-01,Retail Trade,1299.4,-18.4,-1.4000000000000001
2024-08-01,Retail Trade,1341.1,-6.3,-0.47000000000000003
2024-11-01,Retail Trade,1348.2,46.5,3.5700000000000003
2025-02-01,Retail Trade,1326.8,-17.6,-1.31
2025-05-01,Retail Trade,1357.9,58.5,4.5
2025-08-01,Retail Trade,1325.5,-15.6,-1.16
2025-11-01,Retail Trade,1337.6,-10.6,-0.79
2026-02-01,Retail Trade,1335.8,9.0,0.6799999999999999
2015-02-01,"Transport, Postal and Warehousing",592.1,,
2015-05-01,"Transport, Postal and Warehousing",614.8,,
2015-08-01,"Transport, Postal and Warehousing",617.5,,
2015-11-01,"Transport, Postal and Warehousing",611.1,,
2016-02-01,"Transport, Postal and Warehousing",636.6,44.5,7.5200000000000005
2016-05-01,"Transport, Postal and Warehousing",625.0,10.2,1.66
2016-08-01,"Transport, Postal and Warehousing",612.6,-4.9,-0.79
2016-11-01,"Transport, Postal and Warehousing",614.6,3.5,0.5700000000000001
2017-02-01,"Transport, Postal and Warehousing",589.4,-47.2,-7.41
2017-05-01,"Transport, Postal and Warehousing",647.7,22.7,3.63
2017-08-01,"Transport, Postal and Warehousing",636.0,23.4,3.82
2017-11-01,"Transport, Postal and Warehousing",642.9,28.3,4.6
2018-02-01,"Transport, Postal and Warehousing",638.5,49.1,8.33
2018-05-01,"Transport, Postal and Warehousing",619.6,-28.1,-4.34
2018-08-01,"Transport, Postal and Warehousing",640.1,4.1,0.64
2018-11-01,"Transport, Postal and Warehousing",652.5,9.6,1.49
2019-02-01,"Transport, Postal and Warehousing",660.7,22.2,3.4799999999999995
2019-05-01,"Transport, Postal and Warehousing",656.6,37.0,5.970000000000001
2019-08-01,"Transport, Postal and Warehousing",666.6,26.5,4.14
2019-11-01,"Transport, Postal and Warehousing",649.7,-2.8,-0.43
2020-02-01,"Transport, Postal and Warehousing",653.9,-6.8,-1.03
2020-05-01,"Transport, Postal and Warehousing",575.1,-81.5,-12.41
2020-08-01,"Transport, Postal and Warehousing",615.2,-51.4,-7.71
2020-11-01,"Transport, Postal and Warehousing",649.2,-0.5,-0.08
2021-02-01,"Transport, Postal and Warehousing",677.9,24.0,3.6700000000000004
2021-05-01,"Transport, Postal and Warehousing",641.3,66.2,11.51
2021-08-01,"Transport, Postal and Warehousing",638.9,23.7,3.85
2021-11-01,"Transport, Postal and Warehousing",651.4,2.2,0.33999999999999997
2022-02-01,"Transport, Postal and Warehousing",679.2,1.3,0.19
2022-05-01,"Transport, Postal and Warehousing",687.2,45.9,7.16
2022-08-01,"Transport, Postal and Warehousing",700.0,61.1,9.56
2022-11-01,"Transport, Postal and Warehousing",720.5,69.1,10.61
2023-02-01,"Transport, Postal and Warehousing",693.7,14.5,2.13
2023-05-01,"Transport, Postal and Warehousing",711.8,24.6,3.58
2023-08-01,"Transport, Postal and Warehousing",736.9,36.9,5.27
2023-11-01,"Transport, Postal and Warehousing",735.7,15.2,2.11
2024-02-01,"Transport, Postal and Warehousing",734.4,40.7,5.87
2024-05-01,"Transport, Postal and Warehousing",729.3,17.5,2.46
2024-08-01,"Transport, Postal and Warehousing",714.5,-22.4,-3.04
2024-11-01,"Transport, Postal and Warehousing",749.2,13.5,1.83
2025-02-01,"Transport, Postal and Warehousing",733.7,-0.7,-0.1
2025-05-01,"Transport, Postal and Warehousing",755.0,25.7,3.52
2025-08-01,"Transport, Postal and Warehousing",738.8,24.3,3.4000000000000004
2025-11-01,"Transport, Postal and Warehousing",718.7,-30.5,-4.07
2026-02-01,"Transport, Postal and Warehousing",782.6,48.9,6.660000000000001
2015-02-01,Wholesale Trade,378.9,,
2015-05-01,Wholesale Trade,394.8,,
2015-08-01,Wholesale Trade,367.6,,
2015-11-01,Wholesale Trade,390.9,,
2016-02-01,Wholesale Trade,348.5,-30.4,-8.02
2016-05-01,Wholesale Trade,380.3,-14.5,-3.6700000000000004
2016-08-01,Wholesale Trade,367.5,-0.1,-0.03
2016-11-01,Wholesale Trade,362.8,-28.1,-7.19
2017-02-01,Wholesale Trade,372.6,24.1,6.92
2017-05-01,Wholesale Trade,345.7,-34.6,-9.1
2017-08-01,Wholesale Trade,366.2,-1.3,-0.35000000000000003
2017-11-01,Wholesale Trade,366.6,3.8,1.05
2018-02-01,Wholesale Trade,367.1,-5.5,-1.48
2018-05-01,Wholesale Trade,357.8,12.1,3.5000000000000004
2018-08-01,Wholesale Trade,355.8,-10.4,-2.8400000000000003
2018-11-01,Wholesale Trade,414.2,47.6,12.98
2019-02-01,Wholesale Trade,386.8,19.7,5.37
2019-05-01,Wholesale Trade,400.6,42.8,11.959999999999999
2019-08-01,Wholesale Trade,398.6,42.8,12.030000000000001
2019-11-01,Wholesale Trade,383.1,-31.1,-7.51
2020-02-01,Wholesale Trade,391.3,4.5,1.16
2020-05-01,Wholesale Trade,386.0,-14.6,-3.64
2020-08-01,Wholesale Trade,387.2,-11.4,-2.86
2020-11-01,Wholesale Trade,374.3,-8.8,-2.3
2021-02-01,Wholesale Trade,389.6,-1.7,-0.43
2021-05-01,Wholesale Trade,364.2,-21.8,-5.65
2021-08-01,Wholesale Trade,341.0,-46.2,-11.93
2021-11-01,Wholesale Trade,365.3,-9.0,-2.4
2022-02-01,Wholesale Trade,328.7,-60.9,-15.629999999999999
2022-05-01,Wholesale Trade,366.4,2.2,0.6
2022-08-01,Wholesale Trade,365.2,24.2,7.1
2022-11-01,Wholesale Trade,351.3,-14.0,-3.83
2023-02-01,Wholesale Trade,356.7,28.0,8.52
2023-05-01,Wholesale Trade,372.2,5.8,1.58
2023-08-01,Wholesale Trade,389.5,24.3,6.65
2023-11-01,Wholesale Trade,384.5,33.2,9.45
2024-02-01,Wholesale Trade,409.7,53.0,14.860000000000001
2024-05-01,Wholesale Trade,379.7,7.5,2.02
2024-08-01,Wholesale Trade,367.9,-21.6,-5.55
2024-11-01,Wholesale Trade,353.2,-31.3,-8.14
2025-02-01,Wholesale Trade,348.4,-61.3,-14.96
2025-05-01,Wholesale Trade,343.8,-35.9,-9.45
2025-08-01,Wholesale Trade,321.1,-46.8,-12.72
2025-11-01,Wholesale Trade,328.6,-24.6,-6.959999999999999
2026-02-01,Wholesale Trade,314.9,-33.5,-9.62
